N,m,K,tag,num_states,n_blocks,h,h_theta,alphabet,C,mode,success_mean,success_std,n_seeds,scramble
6,2,1,base,1296,4,4.6438561897747235,1.902683189255512,1,0.0,class,0.0,0.0,60,False
6,2,1,base,1296,4,4.6438561897747235,1.902683189255512,1,0.0,state,0.016666666666666666,0.12801909579781015,60,False
6,2,1,base,1296,4,4.6438561897747235,1.902683189255512,2,1.0,class,0.26666666666666666,0.44221663871405337,60,False
6,2,1,base,1296,4,4.6438561897747235,1.902683189255512,2,1.0,state,0.016666666666666666,0.12801909579781015,60,False
6,2,1,base,1296,4,4.6438561897747235,1.902683189255512,3,1.584962500721156,class,0.95,0.21794494717703367,60,False
6,2,1,base,1296,4,4.6438561897747235,1.902683189255512,3,1.584962500721156,state,0.016666666666666666,0.12801909579781015,60,False
6,2,1,base,1296,4,4.6438561897747235,1.902683189255512,4,2.0,class,0.95,0.21794494717703367,60,False
6,2,1,base,1296,4,4.6438561897747235,1.902683189255512,4,2.0,state,0.016666666666666666,0.12801909579781015,60,False
6,2,1,base,1296,4,4.6438561897747235,1.902683189255512,5,2.321928094887362,class,0.95,0.21794494717703367,60,False
6,2,1,base,1296,4,4.6438561897747235,1.902683189255512,5,2.321928094887362,state,0.016666666666666666,0.12801909579781015,60,False
6,2,1,base,1296,4,4.6438561897747235,1.902683189255512,6,2.584962500721156,class,0.95,0.21794494717703367,60,False
6,2,1,base,1296,4,4.6438561897747235,1.902683189255512,6,2.584962500721156,state,0.016666666666666666,0.12801909579781015,60,False
6,2,1,base,1296,4,4.6438561897747235,1.902683189255512,8,3.0,class,0.95,0.21794494717703367,60,False
6,2,1,base,1296,4,4.6438561897747235,1.902683189255512,8,3.0,state,0.016666666666666666,0.12801909579781015,60,False
6,2,1,base,1296,4,4.6438561897747235,1.902683189255512,10,3.321928094887362,class,0.95,0.21794494717703367,60,False
6,2,1,base,1296,4,4.6438561897747235,1.902683189255512,10,3.321928094887362,state,0.016666666666666666,0.12801909579781015,60,False
6,2,1,base,1296,4,4.6438561897747235,1.902683189255512,12,3.584962500721156,class,0.95,0.21794494717703367,60,False
6,2,1,base,1296,4,4.6438561897747235,1.902683189255512,12,3.584962500721156,state,0.0,0.0,60,False
6,2,1,base,1296,4,4.6438561897747235,1.902683189255512,16,4.0,class,0.95,0.21794494717703367,60,False
6,2,1,base,1296,4,4.6438561897747235,1.902683189255512,16,4.0,state,0.05,0.21794494717703364,60,False
6,2,1,base,1296,4,4.6438561897747235,1.902683189255512,24,4.584962500721156,class,0.95,0.21794494717703367,60,False
6,2,1,base,1296,4,4.6438561897747235,1.902683189255512,24,4.584962500721156,state,0.6166666666666667,0.4861984048604941,60,False
6,2,1,base,1296,4,4.6438561897747235,1.902683189255512,24,4.584962500721156,class,0.016666666666666666,0.12801909579781012,60,True
6,2,1,base,1296,4,4.6438561897747235,1.902683189255512,24,4.584962500721156,state,0.0,0.0,60,True
6,2,4,highH,5184,4,6.643856189774718,1.9026831892554679,1,0.0,class,0.0,0.0,60,False
6,2,4,highH,5184,4,6.643856189774718,1.9026831892554679,1,0.0,state,0.016666666666666666,0.12801909579781015,60,False
6,2,4,highH,5184,4,6.643856189774718,1.9026831892554679,2,1.0,class,0.21666666666666667,0.4119735698102758,60,False
6,2,4,highH,5184,4,6.643856189774718,1.9026831892554679,2,1.0,state,0.016666666666666666,0.12801909579781015,60,False
6,2,4,highH,5184,4,6.643856189774718,1.9026831892554679,3,1.584962500721156,class,0.8833333333333333,0.3210226714043038,60,False
6,2,4,highH,5184,4,6.643856189774718,1.9026831892554679,3,1.584962500721156,state,0.016666666666666666,0.12801909579781015,60,False
6,2,4,highH,5184,4,6.643856189774718,1.9026831892554679,4,2.0,class,0.9166666666666666,0.27638539919628335,60,False
6,2,4,highH,5184,4,6.643856189774718,1.9026831892554679,4,2.0,state,0.016666666666666666,0.12801909579781015,60,False
6,2,4,highH,5184,4,6.643856189774718,1.9026831892554679,5,2.321928094887362,class,0.9166666666666666,0.27638539919628335,60,False
6,2,4,highH,5184,4,6.643856189774718,1.9026831892554679,5,2.321928094887362,state,0.016666666666666666,0.12801909579781015,60,False
6,2,4,highH,5184,4,6.643856189774718,1.9026831892554679,6,2.584962500721156,class,0.9166666666666666,0.27638539919628335,60,False
6,2,4,highH,5184,4,6.643856189774718,1.9026831892554679,6,2.584962500721156,state,0.016666666666666666,0.12801909579781015,60,False
6,2,4,highH,5184,4,6.643856189774718,1.9026831892554679,8,3.0,class,0.9166666666666666,0.27638539919628335,60,False
6,2,4,highH,5184,4,6.643856189774718,1.9026831892554679,8,3.0,state,0.016666666666666666,0.12801909579781015,60,False
6,2,4,highH,5184,4,6.643856189774718,1.9026831892554679,10,3.321928094887362,class,0.9166666666666666,0.27638539919628335,60,False
6,2,4,highH,5184,4,6.643856189774718,1.9026831892554679,10,3.321928094887362,state,0.016666666666666666,0.12801909579781015,60,False
6,2,4,highH,5184,4,6.643856189774718,1.9026831892554679,12,3.584962500721156,class,0.9166666666666666,0.27638539919628335,60,False
6,2,4,highH,5184,4,6.643856189774718,1.9026831892554679,12,3.584962500721156,state,0.016666666666666666,0.12801909579781015,60,False
6,2,4,highH,5184,4,6.643856189774718,1.9026831892554679,16,4.0,class,0.9166666666666666,0.27638539919628335,60,False
6,2,4,highH,5184,4,6.643856189774718,1.9026831892554679,16,4.0,state,0.0,0.0,60,False
6,2,4,highH,5184,4,6.643856189774718,1.9026831892554679,24,4.584962500721156,class,0.9166666666666666,0.27638539919628335,60,False
6,2,4,highH,5184,4,6.643856189774718,1.9026831892554679,24,4.584962500721156,state,0.016666666666666666,0.12801909579781015,60,False
6,2,4,highH,5184,4,6.643856189774718,1.9026831892554679,24,4.584962500721156,class,0.03333333333333333,0.17950549357115012,60,True
6,2,4,highH,5184,4,6.643856189774718,1.9026831892554679,24,4.584962500721156,state,0.0,0.0,60,True
6,3,4,highH,5184,9,6.643856189774718,3.0986885704511207,1,0.0,class,0.0,0.0,60,False
6,3,4,highH,5184,9,6.643856189774718,3.0986885704511207,1,0.0,state,0.0,0.0,60,False
6,3,4,highH,5184,9,6.643856189774718,3.0986885704511207,2,1.0,class,0.1,0.30000000000000004,60,False
6,3,4,highH,5184,9,6.643856189774718,3.0986885704511207,2,1.0,state,0.0,0.0,60,False
6,3,4,highH,5184,9,6.643856189774718,3.0986885704511207,3,1.584962500721156,class,0.38333333333333336,0.48619840486049415,60,False
6,3,4,highH,5184,9,6.643856189774718,3.0986885704511207,3,1.584962500721156,state,0.0,0.0,60,False
6,3,4,highH,5184,9,6.643856189774718,3.0986885704511207,4,2.0,class,0.5166666666666667,0.49972214501883166,60,False
6,3,4,highH,5184,9,6.643856189774718,3.0986885704511207,4,2.0,state,0.0,0.0,60,False
6,3,4,highH,5184,9,6.643856189774718,3.0986885704511207,5,2.321928094887362,class,0.5166666666666667,0.4997221450188316,60,False
6,3,4,highH,5184,9,6.643856189774718,3.0986885704511207,5,2.321928094887362,state,0.0,0.0,60,False
6,3,4,highH,5184,9,6.643856189774718,3.0986885704511207,6,2.584962500721156,class,0.7,0.45825756949558405,60,False
6,3,4,highH,5184,9,6.643856189774718,3.0986885704511207,6,2.584962500721156,state,0.0,0.0,60,False
6,3,4,highH,5184,9,6.643856189774718,3.0986885704511207,8,3.0,class,0.65,0.47696960070847283,60,False
6,3,4,highH,5184,9,6.643856189774718,3.0986885704511207,8,3.0,state,0.0,0.0,60,False
6,3,4,highH,5184,9,6.643856189774718,3.0986885704511207,10,3.321928094887362,class,0.6166666666666667,0.4861984048604941,60,False
6,3,4,highH,5184,9,6.643856189774718,3.0986885704511207,10,3.321928094887362,state,0.0,0.0,60,False
6,3,4,highH,5184,9,6.643856189774718,3.0986885704511207,12,3.584962500721156,class,0.6166666666666667,0.4861984048604941,60,False
6,3,4,highH,5184,9,6.643856189774718,3.0986885704511207,12,3.584962500721156,state,0.0,0.0,60,False
6,3,4,highH,5184,9,6.643856189774718,3.0986885704511207,16,4.0,class,0.6166666666666667,0.4861984048604941,60,False
6,3,4,highH,5184,9,6.643856189774718,3.0986885704511207,16,4.0,state,0.0,0.0,60,False
6,3,4,highH,5184,9,6.643856189774718,3.0986885704511207,24,4.584962500721156,class,0.6166666666666667,0.4861984048604941,60,False
6,3,4,highH,5184,9,6.643856189774718,3.0986885704511207,24,4.584962500721156,state,0.0,0.0,60,False
6,3,4,highH,5184,9,6.643856189774718,3.0986885704511207,24,4.584962500721156,class,0.0,0.0,60,True
6,3,4,highH,5184,9,6.643856189774718,3.0986885704511207,24,4.584962500721156,state,0.0,0.0,60,True
6,6,4,highH,5184,36,6.643856189774718,3.539470570797266,1,0.0,class,0.0,0.0,60,False
6,6,4,highH,5184,36,6.643856189774718,3.539470570797266,1,0.0,state,0.0,0.0,60,False
6,6,4,highH,5184,36,6.643856189774718,3.539470570797266,2,1.0,class,0.03333333333333333,0.17950549357115012,60,False
6,6,4,highH,5184,36,6.643856189774718,3.539470570797266,2,1.0,state,0.0,0.0,60,False
6,6,4,highH,5184,36,6.643856189774718,3.539470570797266,3,1.584962500721156,class,0.016666666666666666,0.12801909579781015,60,False
6,6,4,highH,5184,36,6.643856189774718,3.539470570797266,3,1.584962500721156,state,0.0,0.0,60,False
6,6,4,highH,5184,36,6.643856189774718,3.539470570797266,4,2.0,class,0.03333333333333333,0.17950549357115012,60,False
6,6,4,highH,5184,36,6.643856189774718,3.539470570797266,4,2.0,state,0.0,0.0,60,False
6,6,4,highH,5184,36,6.643856189774718,3.539470570797266,5,2.321928094887362,class,0.06666666666666667,0.24944382578492943,60,False
6,6,4,highH,5184,36,6.643856189774718,3.539470570797266,5,2.321928094887362,state,0.0,0.0,60,False
6,6,4,highH,5184,36,6.643856189774718,3.539470570797266,6,2.584962500721156,class,0.06666666666666667,0.24944382578492943,60,False
6,6,4,highH,5184,36,6.643856189774718,3.539470570797266,6,2.584962500721156,state,0.0,0.0,60,False
6,6,4,highH,5184,36,6.643856189774718,3.539470570797266,8,3.0,class,0.1,0.3,60,False
6,6,4,highH,5184,36,6.643856189774718,3.539470570797266,8,3.0,state,0.0,0.0,60,False
6,6,4,highH,5184,36,6.643856189774718,3.539470570797266,10,3.321928094887362,class,0.08333333333333333,0.27638539919628335,60,False
6,6,4,highH,5184,36,6.643856189774718,3.539470570797266,10,3.321928094887362,state,0.0,0.0,60,False
6,6,4,highH,5184,36,6.643856189774718,3.539470570797266,12,3.584962500721156,class,0.08333333333333333,0.27638539919628335,60,False
6,6,4,highH,5184,36,6.643856189774718,3.539470570797266,12,3.584962500721156,state,0.0,0.0,60,False
6,6,4,highH,5184,36,6.643856189774718,3.539470570797266,16,4.0,class,0.03333333333333333,0.17950549357115012,60,False
6,6,4,highH,5184,36,6.643856189774718,3.539470570797266,16,4.0,state,0.0,0.0,60,False
6,6,4,highH,5184,36,6.643856189774718,3.539470570797266,24,4.584962500721156,class,0.03333333333333333,0.17950549357115012,60,False
6,6,4,highH,5184,36,6.643856189774718,3.539470570797266,24,4.584962500721156,state,0.0,0.0,60,False
6,6,4,highH,5184,36,6.643856189774718,3.539470570797266,24,4.584962500721156,class,0.0,0.0,60,True
6,6,4,highH,5184,36,6.643856189774718,3.539470570797266,24,4.584962500721156,state,0.0,0.0,60,True
12,2,1,bigS,20736,4,4.643856189774726,1.9026831892556906,1,0.0,class,0.0,0.0,60,False
12,2,1,bigS,20736,4,4.643856189774726,1.9026831892556906,1,0.0,state,0.03333333333333333,0.17950549357115012,60,False
12,2,1,bigS,20736,4,4.643856189774726,1.9026831892556906,2,1.0,class,0.21666666666666667,0.4119735698102758,60,False
12,2,1,bigS,20736,4,4.643856189774726,1.9026831892556906,2,1.0,state,0.03333333333333333,0.17950549357115012,60,False
12,2,1,bigS,20736,4,4.643856189774726,1.9026831892556906,3,1.584962500721156,class,0.8833333333333333,0.32102267140430374,60,False
12,2,1,bigS,20736,4,4.643856189774726,1.9026831892556906,3,1.584962500721156,state,0.03333333333333333,0.17950549357115012,60,False
12,2,1,bigS,20736,4,4.643856189774726,1.9026831892556906,4,2.0,class,0.9166666666666666,0.27638539919628335,60,False
12,2,1,bigS,20736,4,4.643856189774726,1.9026831892556906,4,2.0,state,0.03333333333333333,0.17950549357115012,60,False
12,2,1,bigS,20736,4,4.643856189774726,1.9026831892556906,5,2.321928094887362,class,0.9166666666666666,0.27638539919628335,60,False
12,2,1,bigS,20736,4,4.643856189774726,1.9026831892556906,5,2.321928094887362,state,0.05,0.21794494717703367,60,False
12,2,1,bigS,20736,4,4.643856189774726,1.9026831892556906,6,2.584962500721156,class,0.9166666666666666,0.27638539919628335,60,False
12,2,1,bigS,20736,4,4.643856189774726,1.9026831892556906,6,2.584962500721156,state,0.03333333333333333,0.17950549357115012,60,False
12,2,1,bigS,20736,4,4.643856189774726,1.9026831892556906,8,3.0,class,0.9166666666666666,0.27638539919628335,60,False
12,2,1,bigS,20736,4,4.643856189774726,1.9026831892556906,8,3.0,state,0.05,0.21794494717703364,60,False
12,2,1,bigS,20736,4,4.643856189774726,1.9026831892556906,10,3.321928094887362,class,0.9166666666666666,0.27638539919628335,60,False
12,2,1,bigS,20736,4,4.643856189774726,1.9026831892556906,10,3.321928094887362,state,0.03333333333333333,0.17950549357115014,60,False
12,2,1,bigS,20736,4,4.643856189774726,1.9026831892556906,12,3.584962500721156,class,0.9166666666666666,0.27638539919628335,60,False
12,2,1,bigS,20736,4,4.643856189774726,1.9026831892556906,12,3.584962500721156,state,0.05,0.21794494717703364,60,False
12,2,1,bigS,20736,4,4.643856189774726,1.9026831892556906,16,4.0,class,0.9166666666666666,0.27638539919628335,60,False
12,2,1,bigS,20736,4,4.643856189774726,1.9026831892556906,16,4.0,state,0.06666666666666667,0.2494438257849294,60,False
12,2,1,bigS,20736,4,4.643856189774726,1.9026831892556906,24,4.584962500721156,class,0.9166666666666666,0.27638539919628335,60,False
12,2,1,bigS,20736,4,4.643856189774726,1.9026831892556906,24,4.584962500721156,state,0.6166666666666667,0.48619840486049404,60,False
12,2,1,bigS,20736,4,4.643856189774726,1.9026831892556906,24,4.584962500721156,class,0.0,0.0,60,True
12,2,1,bigS,20736,4,4.643856189774726,1.9026831892556906,24,4.584962500721156,state,0.0,0.0,60,True
12,3,1,bigS,20736,9,4.643856189774726,3.0986885704509612,1,0.0,class,0.0,0.0,60,False
12,3,1,bigS,20736,9,4.643856189774726,3.0986885704509612,1,0.0,state,0.0,0.0,60,False
12,3,1,bigS,20736,9,4.643856189774726,3.0986885704509612,2,1.0,class,0.23333333333333334,0.42295258468165065,60,False
12,3,1,bigS,20736,9,4.643856189774726,3.0986885704509612,2,1.0,state,0.0,0.0,60,False
12,3,1,bigS,20736,9,4.643856189774726,3.0986885704509612,3,1.584962500721156,class,0.45,0.49749371855331004,60,False
12,3,1,bigS,20736,9,4.643856189774726,3.0986885704509612,3,1.584962500721156,state,0.0,0.0,60,False
12,3,1,bigS,20736,9,4.643856189774726,3.0986885704509612,4,2.0,class,0.45,0.49749371855331004,60,False
12,3,1,bigS,20736,9,4.643856189774726,3.0986885704509612,4,2.0,state,0.016666666666666666,0.12801909579781015,60,False
12,3,1,bigS,20736,9,4.643856189774726,3.0986885704509612,5,2.321928094887362,class,0.5,0.5,60,False
12,3,1,bigS,20736,9,4.643856189774726,3.0986885704509612,5,2.321928094887362,state,0.016666666666666666,0.12801909579781015,60,False
12,3,1,bigS,20736,9,4.643856189774726,3.0986885704509612,6,2.584962500721156,class,0.5833333333333334,0.4930066485916347,60,False
12,3,1,bigS,20736,9,4.643856189774726,3.0986885704509612,6,2.584962500721156,state,0.016666666666666666,0.12801909579781015,60,False
12,3,1,bigS,20736,9,4.643856189774726,3.0986885704509612,8,3.0,class,0.7166666666666667,0.45061686115319244,60,False
12,3,1,bigS,20736,9,4.643856189774726,3.0986885704509612,8,3.0,state,0.016666666666666666,0.12801909579781015,60,False
12,3,1,bigS,20736,9,4.643856189774726,3.0986885704509612,10,3.321928094887362,class,0.6333333333333333,0.4818944098266987,60,False
12,3,1,bigS,20736,9,4.643856189774726,3.0986885704509612,10,3.321928094887362,state,0.0,0.0,60,False
12,3,1,bigS,20736,9,4.643856189774726,3.0986885704509612,12,3.584962500721156,class,0.6333333333333333,0.4818944098266987,60,False
12,3,1,bigS,20736,9,4.643856189774726,3.0986885704509612,12,3.584962500721156,state,0.0,0.0,60,False
12,3,1,bigS,20736,9,4.643856189774726,3.0986885704509612,16,4.0,class,0.6333333333333333,0.4818944098266987,60,False
12,3,1,bigS,20736,9,4.643856189774726,3.0986885704509612,16,4.0,state,0.0,0.0,60,False
12,3,1,bigS,20736,9,4.643856189774726,3.0986885704509612,24,4.584962500721156,class,0.6333333333333333,0.4818944098266987,60,False
12,3,1,bigS,20736,9,4.643856189774726,3.0986885704509612,24,4.584962500721156,state,0.23333333333333334,0.42295258468165065,60,False
12,3,1,bigS,20736,9,4.643856189774726,3.0986885704509612,24,4.584962500721156,class,0.0,0.0,60,True
12,3,1,bigS,20736,9,4.643856189774726,3.0986885704509612,24,4.584962500721156,state,0.0,0.0,60,True
12,6,1,bigS,20736,36,4.643856189774726,3.5394705707972767,1,0.0,class,0.0,0.0,60,False
12,6,1,bigS,20736,36,4.643856189774726,3.5394705707972767,1,0.0,state,0.0,0.0,60,False
12,6,1,bigS,20736,36,4.643856189774726,3.5394705707972767,2,1.0,class,0.016666666666666666,0.12801909579781015,60,False
12,6,1,bigS,20736,36,4.643856189774726,3.5394705707972767,2,1.0,state,0.0,0.0,60,False
12,6,1,bigS,20736,36,4.643856189774726,3.5394705707972767,3,1.584962500721156,class,0.03333333333333333,0.17950549357115012,60,False
12,6,1,bigS,20736,36,4.643856189774726,3.5394705707972767,3,1.584962500721156,state,0.0,0.0,60,False
12,6,1,bigS,20736,36,4.643856189774726,3.5394705707972767,4,2.0,class,0.05,0.21794494717703364,60,False
12,6,1,bigS,20736,36,4.643856189774726,3.5394705707972767,4,2.0,state,0.0,0.0,60,False
12,6,1,bigS,20736,36,4.643856189774726,3.5394705707972767,5,2.321928094887362,class,0.06666666666666667,0.24944382578492943,60,False
12,6,1,bigS,20736,36,4.643856189774726,3.5394705707972767,5,2.321928094887362,state,0.0,0.0,60,False
12,6,1,bigS,20736,36,4.643856189774726,3.5394705707972767,6,2.584962500721156,class,0.03333333333333333,0.17950549357115012,60,False
12,6,1,bigS,20736,36,4.643856189774726,3.5394705707972767,6,2.584962500721156,state,0.0,0.0,60,False
12,6,1,bigS,20736,36,4.643856189774726,3.5394705707972767,8,3.0,class,0.1,0.30000000000000004,60,False
12,6,1,bigS,20736,36,4.643856189774726,3.5394705707972767,8,3.0,state,0.0,0.0,60,False
12,6,1,bigS,20736,36,4.643856189774726,3.5394705707972767,10,3.321928094887362,class,0.13333333333333333,0.33993463423951903,60,False
12,6,1,bigS,20736,36,4.643856189774726,3.5394705707972767,10,3.321928094887362,state,0.0,0.0,60,False
12,6,1,bigS,20736,36,4.643856189774726,3.5394705707972767,12,3.584962500721156,class,0.1,0.30000000000000004,60,False
12,6,1,bigS,20736,36,4.643856189774726,3.5394705707972767,12,3.584962500721156,state,0.0,0.0,60,False
12,6,1,bigS,20736,36,4.643856189774726,3.5394705707972767,16,4.0,class,0.06666666666666667,0.24944382578492943,60,False
12,6,1,bigS,20736,36,4.643856189774726,3.5394705707972767,16,4.0,state,0.0,0.0,60,False
12,6,1,bigS,20736,36,4.643856189774726,3.5394705707972767,24,4.584962500721156,class,0.06666666666666667,0.24944382578492943,60,False
12,6,1,bigS,20736,36,4.643856189774726,3.5394705707972767,24,4.584962500721156,state,0.0,0.0,60,False
12,6,1,bigS,20736,36,4.643856189774726,3.5394705707972767,24,4.584962500721156,class,0.0,0.0,60,True
12,6,1,bigS,20736,36,4.643856189774726,3.5394705707972767,24,4.584962500721156,state,0.0,0.0,60,True
6,3,1,base,1296,9,4.6438561897747235,3.0986885704511073,1,0.0,class,0.0,0.0,60,False
6,3,1,base,1296,9,4.6438561897747235,3.0986885704511073,1,0.0,state,0.0,0.0,60,False
6,3,1,base,1296,9,4.6438561897747235,3.0986885704511073,2,1.0,class,0.23333333333333334,0.42295258468165065,60,False
6,3,1,base,1296,9,4.6438561897747235,3.0986885704511073,2,1.0,state,0.0,0.0,60,False
6,3,1,base,1296,9,4.6438561897747235,3.0986885704511073,3,1.584962500721156,class,0.3333333333333333,0.47140452079103173,60,False
6,3,1,base,1296,9,4.6438561897747235,3.0986885704511073,3,1.584962500721156,state,0.0,0.0,60,False
6,3,1,base,1296,9,4.6438561897747235,3.0986885704511073,4,2.0,class,0.5166666666666667,0.4997221450188316,60,False
6,3,1,base,1296,9,4.6438561897747235,3.0986885704511073,4,2.0,state,0.0,0.0,60,False
6,3,1,base,1296,9,4.6438561897747235,3.0986885704511073,5,2.321928094887362,class,0.6333333333333333,0.4818944098266987,60,False
6,3,1,base,1296,9,4.6438561897747235,3.0986885704511073,5,2.321928094887362,state,0.0,0.0,60,False
6,3,1,base,1296,9,4.6438561897747235,3.0986885704511073,6,2.584962500721156,class,0.7,0.458257569495584,60,False
6,3,1,base,1296,9,4.6438561897747235,3.0986885704511073,6,2.584962500721156,state,0.0,0.0,60,False
6,3,1,base,1296,9,4.6438561897747235,3.0986885704511073,8,3.0,class,0.8166666666666667,0.38693955887479675,60,False
6,3,1,base,1296,9,4.6438561897747235,3.0986885704511073,8,3.0,state,0.0,0.0,60,False
6,3,1,base,1296,9,4.6438561897747235,3.0986885704511073,10,3.321928094887362,class,0.7666666666666667,0.42295258468165065,60,False
6,3,1,base,1296,9,4.6438561897747235,3.0986885704511073,10,3.321928094887362,state,0.0,0.0,60,False
6,3,1,base,1296,9,4.6438561897747235,3.0986885704511073,12,3.584962500721156,class,0.7666666666666667,0.42295258468165065,60,False
6,3,1,base,1296,9,4.6438561897747235,3.0986885704511073,12,3.584962500721156,state,0.0,0.0,60,False
6,3,1,base,1296,9,4.6438561897747235,3.0986885704511073,16,4.0,class,0.7666666666666667,0.42295258468165065,60,False
6,3,1,base,1296,9,4.6438561897747235,3.0986885704511073,16,4.0,state,0.016666666666666666,0.12801909579781015,60,False
6,3,1,base,1296,9,4.6438561897747235,3.0986885704511073,24,4.584962500721156,class,0.7666666666666667,0.42295258468165065,60,False
6,3,1,base,1296,9,4.6438561897747235,3.0986885704511073,24,4.584962500721156,state,0.3,0.458257569495584,60,False
6,3,1,base,1296,9,4.6438561897747235,3.0986885704511073,24,4.584962500721156,class,0.0,0.0,60,True
6,3,1,base,1296,9,4.6438561897747235,3.0986885704511073,24,4.584962500721156,state,0.0,0.0,60,True
6,6,1,base,1296,36,4.6438561897747235,3.5394705707972522,1,0.0,class,0.0,0.0,60,False
6,6,1,base,1296,36,4.6438561897747235,3.5394705707972522,1,0.0,state,0.0,0.0,60,False
6,6,1,base,1296,36,4.6438561897747235,3.5394705707972522,2,1.0,class,0.0,0.0,60,False
6,6,1,base,1296,36,4.6438561897747235,3.5394705707972522,2,1.0,state,0.0,0.0,60,False
6,6,1,base,1296,36,4.6438561897747235,3.5394705707972522,3,1.584962500721156,class,0.05,0.21794494717703364,60,False
6,6,1,base,1296,36,4.6438561897747235,3.5394705707972522,3,1.584962500721156,state,0.0,0.0,60,False
6,6,1,base,1296,36,4.6438561897747235,3.5394705707972522,4,2.0,class,0.03333333333333333,0.17950549357115012,60,False
6,6,1,base,1296,36,4.6438561897747235,3.5394705707972522,4,2.0,state,0.0,0.0,60,False
6,6,1,base,1296,36,4.6438561897747235,3.5394705707972522,5,2.321928094887362,class,0.1,0.30000000000000004,60,False
6,6,1,base,1296,36,4.6438561897747235,3.5394705707972522,5,2.321928094887362,state,0.0,0.0,60,False
6,6,1,base,1296,36,4.6438561897747235,3.5394705707972522,6,2.584962500721156,class,0.06666666666666667,0.2494438257849294,60,False
6,6,1,base,1296,36,4.6438561897747235,3.5394705707972522,6,2.584962500721156,state,0.0,0.0,60,False
6,6,1,base,1296,36,4.6438561897747235,3.5394705707972522,8,3.0,class,0.08333333333333333,0.2763853991962833,60,False
6,6,1,base,1296,36,4.6438561897747235,3.5394705707972522,8,3.0,state,0.0,0.0,60,False
6,6,1,base,1296,36,4.6438561897747235,3.5394705707972522,10,3.321928094887362,class,0.08333333333333333,0.27638539919628335,60,False
6,6,1,base,1296,36,4.6438561897747235,3.5394705707972522,10,3.321928094887362,state,0.0,0.0,60,False
6,6,1,base,1296,36,4.6438561897747235,3.5394705707972522,12,3.584962500721156,class,0.08333333333333333,0.2763853991962833,60,False
6,6,1,base,1296,36,4.6438561897747235,3.5394705707972522,12,3.584962500721156,state,0.0,0.0,60,False
6,6,1,base,1296,36,4.6438561897747235,3.5394705707972522,16,4.0,class,0.05,0.21794494717703367,60,False
6,6,1,base,1296,36,4.6438561897747235,3.5394705707972522,16,4.0,state,0.0,0.0,60,False
6,6,1,base,1296,36,4.6438561897747235,3.5394705707972522,24,4.584962500721156,class,0.05,0.21794494717703367,60,False
6,6,1,base,1296,36,4.6438561897747235,3.5394705707972522,24,4.584962500721156,state,0.016666666666666666,0.12801909579781015,60,False
6,6,1,base,1296,36,4.6438561897747235,3.5394705707972522,24,4.584962500721156,class,0.0,0.0,60,True
6,6,1,base,1296,36,4.6438561897747235,3.5394705707972522,24,4.584962500721156,state,0.0,0.0,60,True
